nombre,segmento,ciudad,credito_aprobado,limite_credito,fecha_alta
Cliente_1,corporativo,Alajuela,false,33584.39,2023-09-29
Cliente_2,gobierno,Panama City,true,23923.06,2024-01-08
Cliente_3,corporativo,Santa Ana,false,33439.07,2024-04-02
Cliente_4,gobierno,Guadalajara,true,33930.5,2025-12-15
Cliente_5,corporativo,Colon,false,1740.33,2025-03-04
Cliente_6,gobierno,Puebla,false,43178.08,2023-10-23
Cliente_7,gobierno,Houston,true,44031.58,2023-06-07
Cliente_8,corporativo,Guadalajara,true,27712.71,2025-03-02
Cliente_9,corporativo,San Pedro Sula,false,38260.26,2025-12-11
Cliente_10,gobierno,San Jose,false,44620.65,2026-04-27
Cliente_11,minorista,San Pedro Sula,false,47592.9,2025-09-12
Cliente_12,mayorista,Escuintla,true,10799.13,2022-12-24
Cliente_13,mayorista,Santa Ana,false,13571.98,2022-11-01
Cliente_14,gobierno,Alajuela,true,39472.38,2024-02-29
Cliente_15,corporativo,Puebla,true,14116.91,2023-12-01
Cliente_16,minorista,Alajuela,true,31772.63,2022-09-07
Cliente_17,gobierno,Panama City,true,50779.82,2026-02-13
Cliente_18,gobierno,San Jose,true,3004.54,2023-09-28
Cliente_19,mayorista,Antigua,true,40536.71,2024-07-14
Cliente_20,corporativo,Los Angeles,true,29566.62,2025-03-03
Cliente_21,mayorista,Panama City,true,41933.62,2022-06-03
Cliente_22,mayorista,Quetzaltenango,false,7295.06,2024-12-28
Cliente_23,gobierno,Puebla,true,42557.44,2026-03-03
Cliente_24,minorista,Miami,false,6404.73,2025-07-02
Cliente_25,gobierno,CDMX,true,3330.9,2024-03-28
Cliente_26,corporativo,San Pedro Sula,false,50736.41,2025-11-10
Cliente_27,mayorista,Escuintla,true,45497.39,2022-06-16
Cliente_28,gobierno,Antigua,true,24970.62,2025-03-31
Cliente_29,gobierno,Alajuela,false,39129.13,2024-01-23
Cliente_30,minorista,Santa Ana,true,48837.96,2025-09-26
Cliente_31,corporativo,San Jose,true,33426.23,2025-07-02
Cliente_32,corporativo,Alajuela,true,18998.54,2023-03-03
Cliente_33,mayorista,Panama City,false,26559.57,2024-11-09
Cliente_34,gobierno,Miami,true,46034.89,2023-11-14
Cliente_35,mayorista,Colon,true,45009.43,2025-09-19
Cliente_36,mayorista,Panama City,true,31774.97,2024-08-30
Cliente_37,corporativo,San Salvador,true,46683.77,2024-12-24
Cliente_38,gobierno,Ciudad de Guatemala,false,37003.08,2023-09-24
Cliente_39,corporativo,Ciudad de Guatemala,false,2046.02,2025-08-30
Cliente_40,mayorista,Alajuela,false,32556.57,2023-11-06
Cliente_41,minorista,San Jose,false,22121.56,2023-03-09
Cliente_42,minorista,San Pedro Sula,false,19038.38,2023-05-28
Cliente_43,mayorista,Cali,true,41054.57,2022-06-11
Cliente_44,gobierno,Colon,true,8318.17,2024-12-13
Cliente_45,corporativo,San Jose,true,27907.97,2025-12-02
Cliente_46,mayorista,Alajuela,true,29750.44,2022-09-11
Cliente_47,minorista,Santa Ana,false,2763.67,2025-02-27
Cliente_48,mayorista,Puebla,true,16621.85,2022-08-26
Cliente_49,corporativo,San Salvador,true,31842.37,2023-09-12
Cliente_50,gobierno,Tegucigalpa,false,28168.88,2022-12-30
Cliente_51,minorista,San Pedro Sula,true,16535.3,2023-05-14
Cliente_52,gobierno,Colon,true,22582.5,2022-05-22
Cliente_53,mayorista,Tegucigalpa,true,22786.55,2025-11-03
Cliente_54,minorista,San Salvador,true,13076.26,2025-11-20
Cliente_55,mayorista,Cali,true,28923.04,2024-07-17
Cliente_56,gobierno,San Pedro Sula,true,45542.38,2025-04-12
Cliente_57,gobierno,Santa Ana,true,50211.51,2024-06-13
Cliente_58,gobierno,San Jose,true,4019.08,2023-02-15
Cliente_59,gobierno,Guadalajara,true,34620.74,2022-09-22
Cliente_60,minorista,Bogota,false,46785.13,2023-12-21
Cliente_61,minorista,Alajuela,true,16633.83,2025-06-15
Cliente_62,minorista,Alajuela,false,11053.24,2024-02-18
Cliente_63,minorista,San Jose,true,31165.01,2022-11-29
Cliente_64,minorista,Alajuela,false,15923.08,2025-03-25
Cliente_65,gobierno,Los Angeles,true,50880.65,2022-06-18
Cliente_66,gobierno,Puebla,false,36813.56,2023-08-09
Cliente_67,mayorista,Cali,false,25066.7,2023-03-09
Cliente_68,corporativo,San Jose,true,27165.91,2025-03-25
Cliente_69,minorista,Alajuela,true,3039.49,2025-05-18
Cliente_70,mayorista,Bogota,true,25419.63,2024-05-15
Cliente_71,corporativo,Tegucigalpa,true,29287.34,2023-07-28
Cliente_72,minorista,CDMX,true,36536.74,2025-05-07
Cliente_73,gobierno,Puebla,true,10516.7,2022-06-30
Cliente_74,corporativo,CDMX,false,7194.96,2025-05-11
Cliente_75,gobierno,Antigua,true,47683.06,2026-04-04
Cliente_76,minorista,Panama City,true,18345.03,2024-02-04
Cliente_77,minorista,Alajuela,true,17092.35,2024-10-15
Cliente_78,mayorista,Guadalajara,true,17350.58,2025-10-26
Cliente_79,gobierno,Medellin,true,38256.94,2024-11-15
Cliente_80,gobierno,Medellin,true,7573.73,2022-12-13
Cliente_81,minorista,San Pedro Sula,true,25320.46,2023-12-13
Cliente_82,gobierno,Santa Ana,true,35755.3,2026-04-08
Cliente_83,corporativo,Escuintla,true,13907.13,2026-01-18
Cliente_84,minorista,Houston,true,31438.73,2025-11-10
Cliente_85,mayorista,Guadalajara,true,3347.09,2023-06-01
Cliente_86,gobierno,Escuintla,true,9848.93,2024-01-05
Cliente_87,corporativo,Miami,true,19033.78,2025-07-11
Cliente_88,mayorista,Ciudad de Guatemala,true,15958.76,2025-05-29
Cliente_89,corporativo,Panama City,true,8412.3,2022-04-06
Cliente_90,mayorista,Antigua,true,18422.59,2024-05-15
Cliente_91,corporativo,Bogota,false,46492.83,2024-06-22
Cliente_92,corporativo,Guadalajara,true,32354.02,2022-03-27
Cliente_93,gobierno,Puebla,false,2955.98,2025-03-29
Cliente_94,mayorista,Ciudad de Guatemala,true,12774.6,2022-10-10
Cliente_95,mayorista,Guadalajara,true,23029.26,2023-12-10
Cliente_96,gobierno,Panama City,true,12936.47,2025-01-25
Cliente_97,corporativo,Colon,true,11309.04,2023-08-21
Cliente_98,gobierno,Colon,true,44080.23,2025-10-16
Cliente_99,gobierno,Colon,false,28559.9,2026-02-15
Cliente_100,corporativo,Houston,true,17022.77,2022-07-09
Cliente_101,corporativo,Santa Ana,true,25265.65,2025-12-18
Cliente_102,mayorista,Los Angeles,true,47401.02,2025-01-21
Cliente_103,mayorista,Houston,true,18815.09,2024-09-03
Cliente_104,minorista,Puebla,true,19888.15,2024-09-29
Cliente_105,mayorista,Alajuela,false,4647.63,2024-06-27
Cliente_106,mayorista,San Pedro Sula,true,49172.63,2026-01-05
Cliente_107,corporativo,San Pedro Sula,true,46378.88,2025-12-03
Cliente_108,gobierno,Antigua,false,24074.77,2024-11-12
Cliente_109,minorista,Puebla,true,29048.98,2024-10-09
Cliente_110,gobierno,San Salvador,true,11711.05,2024-07-31
Cliente_111,gobierno,Escuintla,true,2599.06,2023-01-03
Cliente_112,corporativo,Medellin,false,40870.15,2024-09-02
Cliente_113,corporativo,Houston,true,1180.69,2025-05-21
Cliente_114,mayorista,Houston,false,33058.66,2025-02-10
Cliente_115,corporativo,Santa Ana,false,40475.86,2024-09-12
Cliente_116,gobierno,Panama City,false,5668.38,2023-06-07
Cliente_117,gobierno,San Jose,true,39243.18,2023-03-04
Cliente_118,corporativo,Cali,true,42856.19,2025-06-12
Cliente_119,mayorista,Ciudad de Guatemala,false,45646.89,2023-01-26
Cliente_120,mayorista,Quetzaltenango,true,28265.41,2025-05-08
Cliente_121,corporativo,Santa Ana,false,30860.53,2023-10-25
Cliente_122,minorista,Monterrey,false,25446.91,2024-01-09
Cliente_123,minorista,CDMX,true,10606,2026-02-21
Cliente_124,corporativo,Colon,true,32062.22,2022-04-01
Cliente_125,minorista,Bogota,false,26589.27,2023-05-03
Cliente_126,corporativo,CDMX,true,36875.68,2024-11-04
Cliente_127,mayorista,Houston,true,40710.23,2023-06-18
Cliente_128,gobierno,Puebla,true,31760.09,2022-07-16
Cliente_129,corporativo,Medellin,true,10237.41,2025-12-29
Cliente_130,mayorista,Alajuela,true,25019.75,2023-09-08
Cliente_131,mayorista,CDMX,true,27135.27,2023-12-05
Cliente_132,gobierno,Guadalajara,false,15088.02,2022-08-29
Cliente_133,mayorista,CDMX,false,7804.29,2025-03-20
Cliente_134,minorista,Miami,true,46535.73,2025-01-22
Cliente_135,corporativo,Medellin,true,29458.33,2025-06-18
Cliente_136,corporativo,San Salvador,true,22737.56,2025-09-27
Cliente_137,gobierno,CDMX,false,50906.17,2024-06-14
Cliente_138,mayorista,San Pedro Sula,false,12186,2023-01-05
Cliente_139,gobierno,Monterrey,true,37591.35,2025-05-15
Cliente_140,gobierno,San Salvador,false,21120.22,2023-06-12
Cliente_141,minorista,Monterrey,true,4736.63,2022-07-13
Cliente_142,gobierno,Houston,true,30618.45,2022-08-26
Cliente_143,minorista,Alajuela,true,48122.88,2024-11-30
Cliente_144,mayorista,San Pedro Sula,true,31288.85,2024-03-01
Cliente_145,gobierno,Ciudad de Guatemala,true,14141.61,2023-09-14
Cliente_146,gobierno,Miami,true,32707.38,2025-07-09
Cliente_147,mayorista,Houston,true,46070.25,2023-12-06
Cliente_148,minorista,Miami,true,3896.76,2025-02-26
Cliente_149,mayorista,San Pedro Sula,true,46968.58,2024-04-30
Cliente_150,mayorista,Colon,true,40022.12,2024-05-20
Cliente_151,corporativo,San Pedro Sula,true,49795.53,2022-11-02
Cliente_152,corporativo,Los Angeles,true,16353.31,2025-05-20
Cliente_153,minorista,Medellin,false,13968.3,2022-04-22
Cliente_154,mayorista,Panama City,true,33754.1,2024-01-10
Cliente_155,gobierno,Los Angeles,true,47959.62,2025-12-26
Cliente_156,gobierno,Antigua,true,39228.08,2024-10-01
Cliente_157,gobierno,Houston,true,47095.98,2026-03-29
Cliente_158,mayorista,Antigua,true,39857.86,2022-09-12
Cliente_159,gobierno,San Jose,false,33447,2022-05-02
Cliente_160,minorista,Colon,false,42802.09,2022-04-18
Cliente_161,mayorista,Miami,false,2773.48,2022-07-04
Cliente_162,mayorista,Antigua,true,29780.72,2024-10-21
Cliente_163,gobierno,Houston,false,27249.56,2023-05-22
Cliente_164,minorista,Ciudad de Guatemala,true,28908.95,2024-02-26
Cliente_165,minorista,Quetzaltenango,true,4935.92,2025-12-24
Cliente_166,mayorista,Los Angeles,false,4728.88,2022-04-01
Cliente_167,minorista,Puebla,false,44000.29,2022-12-04
Cliente_168,minorista,Panama City,true,8017.78,2024-11-16
Cliente_169,mayorista,Houston,true,17893.66,2025-01-08
Cliente_170,corporativo,CDMX,true,27594.26,2025-01-10
Cliente_171,gobierno,San Salvador,true,37441.63,2022-06-07
Cliente_172,gobierno,San Jose,true,26564.79,2024-11-11
Cliente_173,corporativo,Alajuela,false,48490.55,2024-01-29
Cliente_174,gobierno,Miami,true,19188.15,2026-03-05
Cliente_175,minorista,Escuintla,false,6756.29,2024-06-22
Cliente_176,gobierno,San Pedro Sula,true,4585.91,2022-10-03
Cliente_177,mayorista,San Salvador,false,7597.69,2022-11-19
Cliente_178,gobierno,Colon,false,20439.57,2025-08-02
Cliente_179,corporativo,Los Angeles,true,45429.97,2026-01-15
Cliente_180,gobierno,Quetzaltenango,false,39889.59,2025-04-09
Cliente_181,corporativo,Quetzaltenango,false,33399.61,2023-09-04
Cliente_182,minorista,Colon,true,10772.17,2022-06-11
Cliente_183,corporativo,Bogota,true,44206.34,2025-10-15
Cliente_184,corporativo,Quetzaltenango,true,15726.71,2024-09-29
Cliente_185,minorista,Panama City,true,48154.29,2023-03-11
Cliente_186,gobierno,Cali,true,47583.48,2023-12-17
Cliente_187,minorista,Cali,true,35708.56,2023-04-03
Cliente_188,gobierno,San Pedro Sula,false,42531.08,2022-05-13
Cliente_189,corporativo,Tegucigalpa,true,29424.8,2022-12-20
Cliente_190,minorista,San Salvador,false,47044.12,2022-11-17
Cliente_191,corporativo,San Pedro Sula,true,38177.32,2024-12-22
Cliente_192,mayorista,Panama City,true,16456.15,2024-06-29
Cliente_193,gobierno,Medellin,false,18356.18,2024-03-06
Cliente_194,minorista,Houston,true,19613.82,2023-04-08
Cliente_195,minorista,Tegucigalpa,true,8970.3,2023-04-10
Cliente_196,mayorista,Miami,false,29003.67,2023-01-11
Cliente_197,corporativo,Colon,true,27901.03,2022-09-15
Cliente_198,corporativo,Medellin,false,28630.27,2026-03-16
Cliente_199,corporativo,Los Angeles,false,29080.81,2026-01-30
Cliente_200,mayorista,San Jose,true,9134.91,2022-12-19
Cliente_201,gobierno,Santa Ana,true,16615.14,2022-08-04
Cliente_202,corporativo,Tegucigalpa,true,38096.03,2024-03-07
Cliente_203,gobierno,Los Angeles,false,37865.23,2025-04-13
Cliente_204,minorista,San Jose,true,13381.09,2023-03-14
Cliente_205,minorista,Panama City,true,48926.48,2024-10-08
Cliente_206,gobierno,San Jose,true,42514.37,2022-07-12
Cliente_207,minorista,Los Angeles,true,8519.42,2026-03-11
Cliente_208,mayorista,San Salvador,false,48336.37,2022-05-13
Cliente_209,mayorista,Alajuela,true,50514.81,2025-08-17
Cliente_210,mayorista,CDMX,true,28442.31,2026-01-31
Cliente_211,gobierno,Tegucigalpa,true,17901.62,2026-02-25
Cliente_212,corporativo,Tegucigalpa,false,19002.29,2023-02-23
Cliente_213,minorista,Antigua,false,31599.76,2022-03-30
Cliente_214,minorista,Santa Ana,true,41459.71,2023-03-25
Cliente_215,gobierno,Medellin,true,26824.41,2025-06-04
Cliente_216,corporativo,Tegucigalpa,true,28125.15,2022-05-29
Cliente_217,gobierno,Colon,true,19004.04,2024-10-19
Cliente_218,minorista,Santa Ana,true,25250.42,2022-04-04
Cliente_219,mayorista,Santa Ana,false,41486.16,2026-02-11
Cliente_220,gobierno,Tegucigalpa,true,45264.04,2022-10-24
Cliente_221,corporativo,Medellin,true,36805.46,2024-03-24
Cliente_222,minorista,San Jose,true,38251.11,2025-03-16
Cliente_223,minorista,CDMX,false,42632.14,2025-03-26
Cliente_224,corporativo,Los Angeles,true,7086.61,2023-08-23
Cliente_225,corporativo,Colon,true,37377.42,2025-12-09
Cliente_226,corporativo,Escuintla,true,11387.01,2026-03-17
Cliente_227,gobierno,San Jose,false,32504.69,2025-02-07
Cliente_228,mayorista,Santa Ana,false,8281.77,2025-04-27
Cliente_229,mayorista,Miami,true,11770.7,2026-01-11
Cliente_230,minorista,Bogota,false,18882.64,2025-01-10
Cliente_231,gobierno,Panama City,true,38918.24,2022-07-07
Cliente_232,corporativo,Colon,false,30183.87,2022-05-28
Cliente_233,corporativo,San Salvador,true,50745.54,2022-05-12
Cliente_234,minorista,Bogota,false,47891.45,2024-12-02
Cliente_235,gobierno,San Pedro Sula,false,42622.93,2025-02-07
Cliente_236,minorista,San Pedro Sula,true,20002.39,2023-05-30
Cliente_237,mayorista,Los Angeles,false,33505.33,2023-10-18
Cliente_238,gobierno,Miami,true,8721.77,2023-07-19
Cliente_239,gobierno,Alajuela,true,33445.42,2025-11-20
Cliente_240,mayorista,Panama City,false,36577.64,2024-11-30
Cliente_241,gobierno,Colon,false,21537.94,2022-04-25
Cliente_242,minorista,Panama City,true,24669.2,2022-06-22
Cliente_243,corporativo,Guadalajara,true,5387.22,2025-09-13
Cliente_244,mayorista,Alajuela,true,32482.53,2024-11-02
Cliente_245,corporativo,Santa Ana,true,15611.06,2023-01-21
Cliente_246,corporativo,San Salvador,true,9434.81,2022-11-19
Cliente_247,mayorista,Panama City,true,49502.85,2025-11-06
Cliente_248,minorista,Puebla,true,21276.92,2023-04-29
Cliente_249,mayorista,Tegucigalpa,true,29329.16,2024-07-21
Cliente_250,gobierno,Colon,false,15543.63,2026-03-07
Cliente_251,mayorista,Santa Ana,true,50350.4,2024-12-04
Cliente_252,mayorista,Miami,true,19031.32,2023-07-05
Cliente_253,gobierno,CDMX,true,46536.68,2025-12-02
Cliente_254,mayorista,Panama City,true,2106.62,2025-07-08
Cliente_255,mayorista,Panama City,true,42526.61,2022-10-09
Cliente_256,minorista,Puebla,true,24840.35,2024-04-22
Cliente_257,minorista,San Jose,false,34127.06,2023-11-19
Cliente_258,minorista,Bogota,true,11156.32,2022-05-17
Cliente_259,gobierno,Panama City,true,23194.64,2024-12-12
Cliente_260,gobierno,Santa Ana,true,19014.29,2025-08-13
Cliente_261,minorista,San Jose,true,37220.15,2025-06-07
Cliente_262,minorista,San Jose,false,5905.07,2023-09-22
Cliente_263,corporativo,San Pedro Sula,false,40778.65,2025-04-01
Cliente_264,gobierno,San Jose,true,29924.06,2024-02-22
Cliente_265,minorista,Monterrey,true,5207.25,2024-09-07
Cliente_266,gobierno,Panama City,true,21395.4,2022-08-03
Cliente_267,corporativo,San Salvador,true,38679.06,2023-09-26
Cliente_268,mayorista,Colon,true,49658.17,2022-12-05
Cliente_269,mayorista,San Salvador,true,8142.9,2025-06-16
Cliente_270,gobierno,San Salvador,false,36921.73,2023-12-09
Cliente_271,gobierno,Monterrey,false,7828.01,2026-01-01
Cliente_272,gobierno,Panama City,true,27176.58,2025-09-03
Cliente_273,corporativo,Tegucigalpa,true,7247.32,2025-10-14
Cliente_274,minorista,Tegucigalpa,true,5049.86,2022-05-31
Cliente_275,mayorista,Panama City,true,28415.8,2025-09-05
Cliente_276,gobierno,Medellin,true,22000.55,2025-06-06
Cliente_277,corporativo,Colon,true,33974.87,2023-03-31
Cliente_278,gobierno,Escuintla,true,38482.42,2025-06-13
Cliente_279,minorista,CDMX,false,44619.19,2023-05-22
Cliente_280,corporativo,Bogota,true,3583.16,2025-05-11
Cliente_281,corporativo,Colon,true,32496.36,2023-02-15
Cliente_282,corporativo,Houston,false,1687.58,2024-02-24
Cliente_283,gobierno,San Jose,true,3634.43,2025-02-19
Cliente_284,gobierno,Alajuela,true,39443.46,2023-09-19
Cliente_285,corporativo,Panama City,true,43905.68,2023-08-22
Cliente_286,gobierno,CDMX,true,36450.11,2026-04-03
Cliente_287,mayorista,Houston,true,43408.28,2023-11-16
Cliente_288,gobierno,Santa Ana,false,11547.44,2024-05-15
Cliente_289,minorista,Monterrey,true,3282.17,2023-04-10
Cliente_290,corporativo,Alajuela,true,27012.89,2023-11-09
Cliente_291,gobierno,San Pedro Sula,true,47223.9,2025-03-16
Cliente_292,mayorista,Cali,true,26344.07,2023-11-25
Cliente_293,mayorista,Santa Ana,false,40435.43,2024-07-24
Cliente_294,gobierno,Santa Ana,true,20864.99,2023-04-07
Cliente_295,minorista,San Salvador,true,41423.4,2023-09-22
Cliente_296,minorista,San Salvador,false,34898.82,2025-09-04
Cliente_297,gobierno,Panama City,false,22816.21,2022-11-30
Cliente_298,mayorista,Quetzaltenango,true,49178.82,2025-08-18
Cliente_299,corporativo,San Jose,false,16624.54,2025-02-10
Cliente_300,minorista,Bogota,true,22005.45,2026-04-17
Cliente_301,gobierno,Bogota,true,1875.24,2023-10-27
Cliente_302,minorista,San Salvador,false,4551.36,2023-10-01
Cliente_303,corporativo,CDMX,false,34724.83,2022-05-31
Cliente_304,corporativo,Puebla,false,50260.11,2022-07-10
Cliente_305,minorista,Houston,false,46903.77,2024-05-12
Cliente_306,gobierno,San Pedro Sula,true,2034.96,2024-05-23
Cliente_307,corporativo,Escuintla,false,42351.58,2023-08-23
Cliente_308,minorista,San Salvador,true,37463.04,2023-08-09
Cliente_309,gobierno,San Jose,false,48114.77,2024-09-13
Cliente_310,gobierno,San Jose,true,11253.56,2023-02-20
Cliente_311,mayorista,Ciudad de Guatemala,true,27294.15,2026-03-10
Cliente_312,mayorista,Alajuela,true,41460.91,2022-11-04
Cliente_313,corporativo,Ciudad de Guatemala,true,29992.76,2024-01-08
Cliente_314,gobierno,Alajuela,false,50140.76,2023-10-26
Cliente_315,minorista,San Salvador,true,7479.3,2026-03-17
Cliente_316,corporativo,Medellin,false,32886.15,2023-03-27
Cliente_317,corporativo,Panama City,false,47302.94,2024-03-26
Cliente_318,gobierno,Monterrey,true,35862.13,2024-02-27
Cliente_319,minorista,Colon,true,10999.59,2022-06-09
Cliente_320,gobierno,Escuintla,true,22779.66,2026-01-10
Cliente_321,corporativo,Alajuela,true,15240.28,2024-07-14
Cliente_322,gobierno,Cali,true,3970.13,2024-03-21
Cliente_323,mayorista,Houston,false,32727.33,2024-07-22
Cliente_324,mayorista,Miami,true,21959.9,2025-06-08
Cliente_325,corporativo,Cali,true,18108.9,2024-05-30
Cliente_326,gobierno,Alajuela,true,30373.74,2025-01-24
Cliente_327,gobierno,San Jose,true,39308.01,2023-05-22
Cliente_328,minorista,San Pedro Sula,true,18949.31,2023-10-05
Cliente_329,gobierno,Houston,true,47950.33,2024-03-10
Cliente_330,corporativo,Santa Ana,true,9938.81,2023-05-28
Cliente_331,gobierno,Tegucigalpa,true,35214.31,2024-08-09
Cliente_332,corporativo,Panama City,false,10872.29,2023-08-21
Cliente_333,mayorista,Guadalajara,true,42234.01,2024-04-25
Cliente_334,gobierno,Houston,false,19264.41,2022-09-30
Cliente_335,minorista,Escuintla,true,7566.7,2024-04-17
Cliente_336,minorista,Tegucigalpa,true,21685.02,2023-05-03
Cliente_337,gobierno,Alajuela,true,2380.1,2023-03-18
Cliente_338,minorista,Alajuela,false,34708.78,2024-03-27
Cliente_339,minorista,Miami,true,46079.24,2024-02-03
Cliente_340,gobierno,Tegucigalpa,true,50481.66,2025-10-20
Cliente_341,corporativo,Ciudad de Guatemala,true,45024.45,2025-11-20
Cliente_342,gobierno,Antigua,true,29109.09,2025-06-29
Cliente_343,minorista,Medellin,true,34309.71,2022-03-28
Cliente_344,mayorista,Miami,false,29110.17,2026-01-27
Cliente_345,corporativo,San Pedro Sula,false,46802.23,2025-08-04
Cliente_346,corporativo,Panama City,true,35007.39,2024-06-14
Cliente_347,mayorista,San Jose,true,8002.51,2024-08-15
Cliente_348,corporativo,Puebla,true,16228.21,2022-04-03
Cliente_349,mayorista,Santa Ana,true,12616.61,2023-07-09
Cliente_350,mayorista,Cali,true,34184.34,2026-03-15
Cliente_351,mayorista,Santa Ana,true,42780.01,2022-12-25
Cliente_352,corporativo,Miami,true,22984.27,2023-03-03
Cliente_353,minorista,Alajuela,false,12214.15,2023-04-28
Cliente_354,gobierno,Guadalajara,true,13051.1,2024-08-05
Cliente_355,minorista,Monterrey,false,9998.07,2025-02-09
Cliente_356,corporativo,Cali,false,6298.72,2024-03-31
Cliente_357,minorista,Bogota,true,22877.17,2024-02-15
Cliente_358,minorista,San Salvador,false,45922.61,2025-05-22
Cliente_359,corporativo,CDMX,true,1799.9,2024-09-06
Cliente_360,mayorista,Cali,true,1169.54,2025-11-07
Cliente_361,gobierno,Ciudad de Guatemala,true,15362.08,2023-11-06
Cliente_362,corporativo,Ciudad de Guatemala,false,39367.12,2024-09-07
Cliente_363,minorista,Miami,true,32177.02,2024-08-12
Cliente_364,minorista,San Salvador,true,15894.14,2022-09-17
Cliente_365,mayorista,Guadalajara,false,12320.14,2025-01-02
Cliente_366,corporativo,Panama City,true,26482.74,2024-08-30
Cliente_367,gobierno,Bogota,true,6385,2024-12-05
Cliente_368,corporativo,Houston,true,18249.88,2025-04-27
Cliente_369,corporativo,Colon,true,17118.48,2022-08-20
Cliente_370,mayorista,Puebla,false,25800.49,2022-11-06
Cliente_371,minorista,San Jose,false,6555.16,2023-11-01
Cliente_372,gobierno,San Salvador,true,38489.19,2022-07-17
Cliente_373,minorista,San Pedro Sula,true,38300.81,2022-09-19
Cliente_374,mayorista,Tegucigalpa,true,24265.96,2024-03-29
Cliente_375,gobierno,San Jose,true,21552.3,2025-07-19
Cliente_376,minorista,Puebla,true,29036.48,2023-10-25
Cliente_377,minorista,Colon,false,22841.47,2024-09-06
Cliente_378,corporativo,Monterrey,true,35414.06,2024-04-17
Cliente_379,gobierno,Colon,true,23376.91,2024-05-16
Cliente_380,gobierno,CDMX,true,22496.94,2024-04-19
Cliente_381,corporativo,Panama City,false,15657.3,2025-03-30
Cliente_382,gobierno,Tegucigalpa,true,21812.27,2022-05-07
Cliente_383,minorista,Cali,true,50226.82,2024-09-11
Cliente_384,gobierno,Colon,true,29266.15,2025-05-12
Cliente_385,gobierno,Santa Ana,true,27942.62,2025-09-20
Cliente_386,corporativo,Puebla,true,16325.67,2023-05-01
Cliente_387,minorista,Panama City,true,42969.08,2023-07-25
Cliente_388,corporativo,Puebla,false,49590.33,2026-02-22
Cliente_389,corporativo,Santa Ana,true,44290.47,2025-04-27
Cliente_390,mayorista,Monterrey,true,37446.55,2024-05-24
Cliente_391,mayorista,Santa Ana,true,10932.32,2023-05-22
Cliente_392,corporativo,Guadalajara,true,45550.14,2025-07-28
Cliente_393,minorista,Panama City,true,43142.05,2024-12-08
Cliente_394,gobierno,Quetzaltenango,true,4432.38,2022-04-28
Cliente_395,gobierno,Houston,true,39607.78,2024-11-09
Cliente_396,minorista,Panama City,false,24275.26,2024-06-23
Cliente_397,gobierno,Panama City,false,28069.53,2025-01-18
Cliente_398,corporativo,Bogota,true,24243.26,2023-07-30
Cliente_399,minorista,Medellin,false,22182.4,2023-04-27
Cliente_400,mayorista,Escuintla,false,32975.77,2022-08-09
Cliente_401,minorista,Bogota,false,20836.61,2023-02-27
Cliente_402,gobierno,Cali,true,20378.94,2024-05-05
Cliente_403,mayorista,Escuintla,true,21566.95,2025-06-10
Cliente_404,corporativo,Monterrey,true,19724.91,2025-05-22
Cliente_405,minorista,San Jose,true,7721.39,2023-04-16
Cliente_406,corporativo,San Pedro Sula,true,25049.62,2024-09-30
Cliente_407,corporativo,Panama City,true,48854.49,2022-07-23
Cliente_408,minorista,San Pedro Sula,false,4510.42,2025-03-16
Cliente_409,gobierno,Ciudad de Guatemala,true,19605.59,2023-01-07
Cliente_410,corporativo,Bogota,true,34114.84,2024-01-16
Cliente_411,gobierno,Medellin,true,9433.29,2025-07-17
Cliente_412,corporativo,Colon,true,37405.25,2025-05-31
Cliente_413,corporativo,Puebla,true,12100.43,2024-02-19
Cliente_414,mayorista,San Jose,true,33205.52,2024-02-05
Cliente_415,minorista,San Salvador,true,48085.7,2026-01-06
Cliente_416,corporativo,Medellin,true,3296.32,2022-07-07
Cliente_417,corporativo,San Salvador,true,5933.68,2022-08-30
Cliente_418,minorista,Quetzaltenango,false,31681.26,2025-03-30
Cliente_419,gobierno,Bogota,false,10158.06,2023-10-29
Cliente_420,gobierno,San Pedro Sula,false,31507.82,2022-12-07
Cliente_421,gobierno,Tegucigalpa,true,27278.7,2023-08-28
Cliente_422,corporativo,Tegucigalpa,true,41387.87,2024-09-02
Cliente_423,gobierno,Monterrey,true,5827.72,2024-10-31
Cliente_424,minorista,San Pedro Sula,false,1348.85,2024-03-03
Cliente_425,mayorista,Houston,true,3108.53,2024-03-17
Cliente_426,minorista,Tegucigalpa,true,39180.71,2026-03-08
Cliente_427,minorista,Escuintla,true,47436.09,2024-11-09
Cliente_428,gobierno,Medellin,false,15366.49,2022-03-30
Cliente_429,mayorista,Medellin,false,34521.5,2025-08-01
Cliente_430,gobierno,San Pedro Sula,true,20928.11,2022-08-13
Cliente_431,mayorista,Bogota,true,41420.95,2022-07-08
Cliente_432,gobierno,Los Angeles,true,7279,2025-10-19
Cliente_433,mayorista,Colon,false,24012.11,2025-11-20
Cliente_434,gobierno,San Jose,true,41748.56,2022-08-12
Cliente_435,minorista,Panama City,true,2761.64,2026-04-15
Cliente_436,mayorista,San Jose,true,33621.91,2026-02-25
Cliente_437,gobierno,Colon,false,15492.17,2025-08-24
Cliente_438,minorista,Cali,true,24241.46,2024-06-30
Cliente_439,corporativo,Colon,true,44614.23,2025-05-11
Cliente_440,corporativo,Santa Ana,false,1438.95,2023-02-05
Cliente_441,corporativo,Bogota,true,26423.89,2023-05-02
Cliente_442,mayorista,San Pedro Sula,false,49180.25,2025-09-09
Cliente_443,gobierno,Alajuela,false,28176.26,2026-04-28
Cliente_444,gobierno,San Jose,true,19846.87,2026-03-16
Cliente_445,minorista,Escuintla,false,20303.57,2023-06-06
Cliente_446,mayorista,Bogota,true,21006.85,2023-11-09
Cliente_447,mayorista,Miami,false,9638.62,2026-03-24
Cliente_448,mayorista,Bogota,false,22187.34,2024-05-13
Cliente_449,corporativo,Colon,false,38391.74,2024-09-05
Cliente_450,minorista,Monterrey,false,25830.19,2024-02-03
Cliente_451,mayorista,Antigua,true,4283.62,2025-05-28
Cliente_452,minorista,Los Angeles,true,1641.15,2023-02-14
Cliente_453,minorista,Cali,false,50345.55,2025-12-28
Cliente_454,mayorista,Miami,true,6959.52,2026-04-09
Cliente_455,mayorista,Los Angeles,true,25658.41,2026-04-23
Cliente_456,minorista,Cali,true,31382.14,2023-11-19
Cliente_457,mayorista,Cali,true,44447.17,2025-10-21
Cliente_458,gobierno,San Salvador,true,36794.06,2024-03-15
Cliente_459,mayorista,San Jose,true,9778.17,2023-02-13
Cliente_460,minorista,Los Angeles,true,34036.02,2025-12-27
Cliente_461,mayorista,Santa Ana,true,6709.59,2025-01-17
Cliente_462,mayorista,Guadalajara,false,18509.26,2025-09-07
Cliente_463,corporativo,Puebla,true,29206.31,2022-12-04
Cliente_464,gobierno,San Salvador,true,19159.82,2024-03-11
Cliente_465,corporativo,Miami,true,38187.2,2023-07-26
Cliente_466,minorista,Colon,true,7795.67,2025-05-28
Cliente_467,minorista,San Salvador,true,14693.57,2022-09-10
Cliente_468,mayorista,Medellin,false,32367.36,2023-11-08
Cliente_469,corporativo,Guadalajara,false,31984.64,2024-12-13
Cliente_470,minorista,Santa Ana,true,44525.64,2025-09-23
Cliente_471,corporativo,Los Angeles,true,15770.74,2023-04-10
Cliente_472,gobierno,San Salvador,true,11443.42,2023-12-15
Cliente_473,gobierno,Puebla,false,24715.73,2025-12-16
Cliente_474,mayorista,Panama City,true,29926.25,2023-05-23
Cliente_475,corporativo,Bogota,true,30567.89,2022-04-20
Cliente_476,gobierno,Tegucigalpa,false,48228.53,2026-04-15
Cliente_477,mayorista,Miami,false,25792.67,2026-04-13
Cliente_478,gobierno,CDMX,true,29849.09,2022-09-19
Cliente_479,gobierno,Escuintla,true,10081.89,2024-03-21
Cliente_480,mayorista,San Jose,true,21425.92,2024-04-12
Cliente_481,mayorista,San Jose,true,31061.16,2023-09-16
Cliente_482,mayorista,Alajuela,false,21906.95,2025-04-20
Cliente_483,mayorista,Panama City,true,4433.76,2023-12-07
Cliente_484,corporativo,Cali,false,26379.26,2024-11-26
Cliente_485,corporativo,Panama City,true,30548.02,2025-10-04
Cliente_486,minorista,Puebla,true,22834.75,2024-11-09
Cliente_487,mayorista,Panama City,true,14009.18,2024-08-24
Cliente_488,mayorista,Cali,true,33500.49,2024-12-26
Cliente_489,gobierno,Cali,true,2129.24,2023-12-31
Cliente_490,mayorista,Miami,true,7149.17,2023-10-13
Cliente_491,gobierno,Colon,false,10984.54,2025-12-30
Cliente_492,mayorista,Escuintla,true,33123.15,2022-05-26
Cliente_493,gobierno,Houston,true,43647.48,2022-07-30
Cliente_494,minorista,Panama City,true,14274.8,2022-10-24
Cliente_495,corporativo,San Salvador,false,12634.56,2024-03-15
Cliente_496,gobierno,Guadalajara,true,17699.21,2023-09-10
Cliente_497,corporativo,Panama City,false,47196.56,2024-06-16
Cliente_498,mayorista,Los Angeles,false,14714.3,2023-03-30
Cliente_499,minorista,Tegucigalpa,false,39948.45,2024-04-03
Cliente_500,mayorista,Ciudad de Guatemala,true,1086.06,2023-12-04