nombre,SKU,precio,peso,perecedero,tags
Producto_1,SKU-00001,298.46,16.34,true,import|oferta
Producto_2,SKU-00002,814.11,5.11,true,ecologico|congelado
Producto_3,SKU-00003,392.32,30.18,false,congelado|oferta
Producto_4,SKU-00004,24.8,7.86,true,import|nuevo
Producto_5,SKU-00005,890.91,15.78,false,congelado|congelado
Producto_6,SKU-00006,401.62,42.12,true,oferta|import
Producto_7,SKU-00007,665.53,2.69,false,oferta|oferta
Producto_8,SKU-00008,228.08,38.54,false,oferta|oferta
Producto_9,SKU-00009,598.14,9.02,true,congelado|nuevo
Producto_10,SKU-00010,47.41,16.89,false,ecologico|nuevo
Producto_11,SKU-00011,719.44,10.24,false,congelado|congelado
Producto_12,SKU-00012,72.05,10.81,true,premium|ecologico
Producto_13,SKU-00013,561.79,31.97,false,premium|import
Producto_14,SKU-00014,93.15,37.18,false,premium|congelado
Producto_15,SKU-00015,465.05,43.14,false,oferta|ecologico
Producto_16,SKU-00016,143.22,15.27,false,premium|nuevo
Producto_17,SKU-00017,392.99,7.22,false,oferta|congelado
Producto_18,SKU-00018,847.77,15.38,true,congelado|ecologico
Producto_19,SKU-00019,930.5,24.28,false,congelado|ecologico
Producto_20,SKU-00020,838.95,45.95,true,import|nuevo
Producto_21,SKU-00021,599.31,39.66,true,nuevo|oferta
Producto_22,SKU-00022,701.52,9.18,false,nuevo|import
Producto_23,SKU-00023,292.79,6.7,true,premium|ecologico
Producto_24,SKU-00024,47.11,43.51,false,import|nuevo
Producto_25,SKU-00025,284.62,3.53,false,ecologico|congelado
Producto_26,SKU-00026,974.57,11.65,false,premium|premium
Producto_27,SKU-00027,802.94,38.54,false,import|premium
Producto_28,SKU-00028,244.2,32.94,false,premium|ecologico
Producto_29,SKU-00029,75.37,45.77,true,premium|nuevo
Producto_30,SKU-00030,692.04,39.54,true,premium|oferta
Producto_31,SKU-00031,684.9,35.29,false,premium|premium
Producto_32,SKU-00032,397.06,35.76,false,nuevo|oferta
Producto_33,SKU-00033,486.8,22.73,false,ecologico|oferta
Producto_34,SKU-00034,448.93,1.48,true,oferta|oferta
Producto_35,SKU-00035,986.56,12.39,true,premium|oferta
Producto_36,SKU-00036,858.28,0.11,false,congelado|congelado
Producto_37,SKU-00037,536.9,1.6,true,oferta|nuevo
Producto_38,SKU-00038,210.34,5.68,false,premium|oferta
Producto_39,SKU-00039,103.56,28.7,false,nuevo|import
Producto_40,SKU-00040,480.75,5.17,true,premium|nuevo
Producto_41,SKU-00041,333.92,6.91,false,import|congelado
Producto_42,SKU-00042,674.22,41.28,true,oferta|premium
Producto_43,SKU-00043,303.4,27.8,false,nuevo|congelado
Producto_44,SKU-00044,619.77,40.96,false,oferta|nuevo
Producto_45,SKU-00045,720.89,0.57,false,ecologico|congelado
Producto_46,SKU-00046,524.49,27.34,false,ecologico|import
Producto_47,SKU-00047,654.91,20.02,true,nuevo|nuevo
Producto_48,SKU-00048,843.77,30.05,false,import|nuevo
Producto_49,SKU-00049,70.41,21.88,true,nuevo|congelado
Producto_50,SKU-00050,562.02,42.04,true,premium|oferta
Producto_51,SKU-00051,627.06,27.39,false,import|import
Producto_52,SKU-00052,150.94,43.13,true,oferta|import
Producto_53,SKU-00053,896.95,0.43,true,premium|oferta
Producto_54,SKU-00054,913.55,28.51,false,import|import
Producto_55,SKU-00055,976.18,44.53,true,ecologico|nuevo
Producto_56,SKU-00056,663.73,21.58,false,premium|ecologico
Producto_57,SKU-00057,124.97,12.96,false,oferta|nuevo
Producto_58,SKU-00058,930.22,4.67,true,nuevo|premium
Producto_59,SKU-00059,239.61,2.41,false,ecologico|nuevo
Producto_60,SKU-00060,4.92,39.23,false,premium|congelado
Producto_61,SKU-00061,791.2,18.77,false,ecologico|premium
Producto_62,SKU-00062,446.23,36.69,false,ecologico|import
Producto_63,SKU-00063,186.2,27.3,true,import|ecologico
Producto_64,SKU-00064,181.51,38.17,false,nuevo|premium
Producto_65,SKU-00065,679.3,33.11,true,import|nuevo
Producto_66,SKU-00066,220.87,36.85,false,import|import
Producto_67,SKU-00067,110.06,14.26,true,premium|ecologico
Producto_68,SKU-00068,63.07,2.94,true,import|ecologico
Producto_69,SKU-00069,780.46,16.67,false,congelado|congelado
Producto_70,SKU-00070,498.84,20.13,false,premium|nuevo
Producto_71,SKU-00071,737.39,41.57,false,nuevo|oferta
Producto_72,SKU-00072,983.65,21.06,true,congelado|premium
Producto_73,SKU-00073,39.74,27.94,false,premium|nuevo
Producto_74,SKU-00074,926.54,1.04,false,oferta|import
Producto_75,SKU-00075,652.16,21.74,false,ecologico|import
Producto_76,SKU-00076,28.99,5.35,true,ecologico|premium
Producto_77,SKU-00077,891.05,14.72,false,oferta|nuevo
Producto_78,SKU-00078,202.64,46.79,true,oferta|congelado
Producto_79,SKU-00079,294.86,37.65,false,premium|premium
Producto_80,SKU-00080,373.5,43.4,false,congelado|import
Producto_81,SKU-00081,60.5,39.59,true,ecologico|premium
Producto_82,SKU-00082,305.48,22.95,false,premium|nuevo
Producto_83,SKU-00083,6.9,48.3,false,import|ecologico
Producto_84,SKU-00084,697.52,29.83,true,oferta|congelado
Producto_85,SKU-00085,226.18,39.79,false,premium|premium
Producto_86,SKU-00086,260.39,35.47,false,premium|oferta
Producto_87,SKU-00087,476.12,23.46,false,premium|import
Producto_88,SKU-00088,423.51,25.37,true,congelado|ecologico
Producto_89,SKU-00089,801.98,16.87,true,nuevo|oferta
Producto_90,SKU-00090,777.01,38.77,false,ecologico|congelado
Producto_91,SKU-00091,752.54,8.25,true,import|nuevo
Producto_92,SKU-00092,453.25,38.91,false,congelado|ecologico
Producto_93,SKU-00093,239.43,27.25,true,congelado|oferta
Producto_94,SKU-00094,588.53,39.27,false,import|oferta
Producto_95,SKU-00095,484,34.46,false,import|ecologico
Producto_96,SKU-00096,528.92,38.26,false,nuevo|ecologico
Producto_97,SKU-00097,959.04,40.98,false,oferta|oferta
Producto_98,SKU-00098,416.51,1.88,false,import|oferta
Producto_99,SKU-00099,540.12,23.83,false,premium|oferta
Producto_100,SKU-00100,165.63,20.13,false,ecologico|premium
Producto_101,SKU-00101,971.15,10.97,false,nuevo|import
Producto_102,SKU-00102,386.56,32.32,false,oferta|oferta
Producto_103,SKU-00103,668.13,49.96,false,congelado|ecologico
Producto_104,SKU-00104,859.8,22.07,false,nuevo|congelado
Producto_105,SKU-00105,72.16,13.9,false,ecologico|congelado
Producto_106,SKU-00106,474.59,43.39,false,import|import
Producto_107,SKU-00107,775.13,23.95,false,oferta|import
Producto_108,SKU-00108,222.44,12.18,true,congelado|import
Producto_109,SKU-00109,525.29,41.92,true,premium|ecologico
Producto_110,SKU-00110,431.75,28.3,false,congelado|ecologico
Producto_111,SKU-00111,237.22,23.23,false,nuevo|ecologico
Producto_112,SKU-00112,9.87,21.65,false,ecologico|oferta
Producto_113,SKU-00113,975.07,40.25,true,ecologico|oferta
Producto_114,SKU-00114,207.25,22.76,false,ecologico|import
Producto_115,SKU-00115,699.18,25.73,false,ecologico|premium
Producto_116,SKU-00116,154.79,6.25,true,import|ecologico
Producto_117,SKU-00117,853.38,47.4,true,premium|nuevo
Producto_118,SKU-00118,112,42.58,false,import|congelado
Producto_119,SKU-00119,28.49,8.23,false,ecologico|ecologico
Producto_120,SKU-00120,119.16,34.99,false,oferta|oferta
Producto_121,SKU-00121,958.43,24.04,false,premium|import
Producto_122,SKU-00122,206.04,45.95,false,oferta|oferta
Producto_123,SKU-00123,258,10.15,true,nuevo|oferta
Producto_124,SKU-00124,211.68,35.88,false,ecologico|nuevo
Producto_125,SKU-00125,539.73,14.12,true,oferta|ecologico
Producto_126,SKU-00126,12.15,49.26,false,oferta|oferta
Producto_127,SKU-00127,556.95,6.78,false,nuevo|congelado
Producto_128,SKU-00128,687.88,20,false,congelado|congelado
Producto_129,SKU-00129,30.65,12.03,false,nuevo|premium
Producto_130,SKU-00130,825.06,45.07,false,premium|ecologico
Producto_131,SKU-00131,7.23,48.34,false,congelado|premium
Producto_132,SKU-00132,810.82,7.07,true,congelado|nuevo
Producto_133,SKU-00133,889.14,19.4,true,congelado|nuevo
Producto_134,SKU-00134,474.12,18.74,true,import|oferta
Producto_135,SKU-00135,93.49,36.21,false,import|nuevo
Producto_136,SKU-00136,639.77,25.74,false,oferta|oferta
Producto_137,SKU-00137,549.76,21.74,false,oferta|nuevo
Producto_138,SKU-00138,155.13,9.32,false,ecologico|premium
Producto_139,SKU-00139,391.3,16.23,true,nuevo|import
Producto_140,SKU-00140,928.35,44.68,false,congelado|import
Producto_141,SKU-00141,891.26,25.85,false,import|ecologico
Producto_142,SKU-00142,548.04,15.2,false,nuevo|congelado
Producto_143,SKU-00143,551.63,25.48,false,premium|premium
Producto_144,SKU-00144,752.85,28.42,false,ecologico|oferta
Producto_145,SKU-00145,46.91,22.28,false,premium|nuevo
Producto_146,SKU-00146,417.94,36.1,false,oferta|import
Producto_147,SKU-00147,132.06,4.28,false,oferta|nuevo
Producto_148,SKU-00148,501.42,19.99,false,ecologico|nuevo
Producto_149,SKU-00149,916.08,18.65,false,import|congelado
Producto_150,SKU-00150,179.93,14.71,false,import|nuevo
Producto_151,SKU-00151,763.94,45.44,false,congelado|nuevo
Producto_152,SKU-00152,949.35,26.38,false,oferta|oferta
Producto_153,SKU-00153,861.13,49.81,true,premium|oferta
Producto_154,SKU-00154,174.89,31.54,true,oferta|import
Producto_155,SKU-00155,657.54,25.59,true,congelado|nuevo
Producto_156,SKU-00156,824.26,20.49,false,ecologico|nuevo
Producto_157,SKU-00157,314.52,32.9,true,import|oferta
Producto_158,SKU-00158,347.39,10.33,false,premium|nuevo
Producto_159,SKU-00159,887.93,5.87,true,oferta|import
Producto_160,SKU-00160,459.73,8.29,false,ecologico|import
Producto_161,SKU-00161,646.51,47.35,false,premium|import
Producto_162,SKU-00162,769.15,4,false,ecologico|premium
Producto_163,SKU-00163,703.63,37.93,true,import|oferta
Producto_164,SKU-00164,645.05,31.15,true,import|import
Producto_165,SKU-00165,950.87,29.95,true,nuevo|oferta
Producto_166,SKU-00166,301.77,36,false,congelado|nuevo
Producto_167,SKU-00167,955.27,1.95,true,premium|congelado
Producto_168,SKU-00168,798.62,11.1,false,ecologico|premium
Producto_169,SKU-00169,572.05,20.64,false,nuevo|oferta
Producto_170,SKU-00170,163.38,24.43,false,premium|oferta
Producto_171,SKU-00171,814.12,18.23,false,oferta|premium
Producto_172,SKU-00172,695.22,8.92,false,congelado|oferta
Producto_173,SKU-00173,38.43,11.49,true,nuevo|premium
Producto_174,SKU-00174,397.54,34.89,true,import|import
Producto_175,SKU-00175,20.25,22.27,false,ecologico|nuevo
Producto_176,SKU-00176,858.42,14.71,false,premium|import
Producto_177,SKU-00177,419.16,47.36,true,premium|nuevo
Producto_178,SKU-00178,125.5,42.49,false,congelado|import
Producto_179,SKU-00179,29.82,24.65,false,import|import
Producto_180,SKU-00180,200.54,7.49,false,premium|ecologico
Producto_181,SKU-00181,641.87,35.85,false,ecologico|congelado
Producto_182,SKU-00182,74.39,26.4,false,import|nuevo
Producto_183,SKU-00183,247.27,48.8,true,oferta|premium
Producto_184,SKU-00184,958.27,34.87,false,import|premium
Producto_185,SKU-00185,497.95,6.89,true,import|nuevo
Producto_186,SKU-00186,231.7,15.02,true,congelado|premium
Producto_187,SKU-00187,782.49,41.65,false,congelado|oferta
Producto_188,SKU-00188,231.7,46.39,false,congelado|ecologico
Producto_189,SKU-00189,637.59,9.18,true,import|nuevo
Producto_190,SKU-00190,854.23,25.89,true,import|import
Producto_191,SKU-00191,617.69,41.15,false,premium|ecologico
Producto_192,SKU-00192,308.14,49.35,false,premium|ecologico
Producto_193,SKU-00193,337.22,3.51,true,oferta|import
Producto_194,SKU-00194,579.42,36.8,true,nuevo|oferta
Producto_195,SKU-00195,147.32,27.33,true,ecologico|nuevo
Producto_196,SKU-00196,556.25,21.49,true,premium|premium
Producto_197,SKU-00197,730.01,33.23,false,nuevo|import
Producto_198,SKU-00198,322.84,45.19,true,ecologico|premium
Producto_199,SKU-00199,178.05,22.38,false,oferta|import
Producto_200,SKU-00200,379.59,24.55,false,ecologico|nuevo
Producto_201,SKU-00201,140.86,1.21,false,premium|congelado
Producto_202,SKU-00202,836.04,34.85,false,ecologico|premium
Producto_203,SKU-00203,580.58,1.16,false,congelado|nuevo
Producto_204,SKU-00204,284.92,21.03,false,congelado|congelado
Producto_205,SKU-00205,640.98,14.02,false,nuevo|import
Producto_206,SKU-00206,12.73,18.56,true,import|premium
Producto_207,SKU-00207,28.81,6.21,true,premium|oferta
Producto_208,SKU-00208,615.03,11.96,true,oferta|import
Producto_209,SKU-00209,862.39,32.16,false,ecologico|nuevo
Producto_210,SKU-00210,998.85,27.37,true,oferta|nuevo
Producto_211,SKU-00211,895.28,27.54,true,import|premium
Producto_212,SKU-00212,573.49,2.87,true,premium|nuevo
Producto_213,SKU-00213,830.95,34.57,false,import|congelado
Producto_214,SKU-00214,765.4,36.97,true,import|premium
Producto_215,SKU-00215,351.1,48.85,true,nuevo|oferta
Producto_216,SKU-00216,277.47,35.76,true,premium|oferta
Producto_217,SKU-00217,487.85,20.72,false,premium|premium
Producto_218,SKU-00218,142.41,46.55,true,nuevo|congelado
Producto_219,SKU-00219,370.88,12.47,false,oferta|congelado
Producto_220,SKU-00220,640.33,27.1,false,congelado|oferta
Producto_221,SKU-00221,10.35,44.18,false,ecologico|nuevo
Producto_222,SKU-00222,886.81,38.36,true,oferta|ecologico
Producto_223,SKU-00223,298.72,3.2,false,congelado|ecologico
Producto_224,SKU-00224,624.83,10.72,false,oferta|congelado
Producto_225,SKU-00225,90.68,31.63,false,congelado|premium
Producto_226,SKU-00226,567.75,15.45,false,import|premium
Producto_227,SKU-00227,890.63,47.23,false,congelado|ecologico
Producto_228,SKU-00228,93.11,4.94,false,nuevo|premium
Producto_229,SKU-00229,966.76,42.23,true,congelado|import
Producto_230,SKU-00230,708.87,49.62,false,premium|ecologico
Producto_231,SKU-00231,829.24,21.14,false,ecologico|ecologico
Producto_232,SKU-00232,667.04,10.81,true,oferta|premium
Producto_233,SKU-00233,919.42,17.86,false,oferta|oferta
Producto_234,SKU-00234,522.24,6.57,false,oferta|premium
Producto_235,SKU-00235,951.14,49.02,false,premium|nuevo
Producto_236,SKU-00236,443.26,34.13,false,congelado|oferta
Producto_237,SKU-00237,911.65,18.54,false,congelado|oferta
Producto_238,SKU-00238,835.13,48.86,true,premium|import
Producto_239,SKU-00239,796.92,43.01,false,nuevo|nuevo
Producto_240,SKU-00240,424.07,20.79,false,import|nuevo
Producto_241,SKU-00241,920.61,13.38,false,import|import
Producto_242,SKU-00242,741.6,8.73,true,import|oferta
Producto_243,SKU-00243,518.79,43.42,true,nuevo|ecologico
Producto_244,SKU-00244,14.1,48,false,import|import
Producto_245,SKU-00245,120.31,13.98,false,congelado|congelado
Producto_246,SKU-00246,557.93,6.15,false,import|nuevo
Producto_247,SKU-00247,111.7,48.04,false,ecologico|oferta
Producto_248,SKU-00248,188.27,34.35,true,import|premium
Producto_249,SKU-00249,915.01,18,false,nuevo|congelado
Producto_250,SKU-00250,8.31,29.05,false,premium|oferta
Producto_251,SKU-00251,802.62,15.56,false,congelado|oferta
Producto_252,SKU-00252,167.1,12.45,true,nuevo|nuevo
Producto_253,SKU-00253,240.29,18.83,false,congelado|import
Producto_254,SKU-00254,319.55,23.02,false,premium|ecologico
Producto_255,SKU-00255,883.77,20.2,false,import|import
Producto_256,SKU-00256,750.01,3.75,false,import|nuevo
Producto_257,SKU-00257,649.17,4.45,false,nuevo|ecologico
Producto_258,SKU-00258,391.89,12.61,false,import|ecologico
Producto_259,SKU-00259,705.5,5.4,false,oferta|import
Producto_260,SKU-00260,491.22,41.15,false,premium|nuevo
Producto_261,SKU-00261,722.99,29.45,false,oferta|congelado
Producto_262,SKU-00262,846.11,28.85,false,premium|oferta
Producto_263,SKU-00263,924.42,40.67,false,ecologico|nuevo
Producto_264,SKU-00264,732.25,10.96,false,premium|oferta
Producto_265,SKU-00265,224.44,8.19,false,nuevo|import
Producto_266,SKU-00266,450.15,4.91,false,ecologico|premium
Producto_267,SKU-00267,499.61,8.67,false,nuevo|import
Producto_268,SKU-00268,327.66,18.5,false,nuevo|congelado
Producto_269,SKU-00269,791.88,30.03,false,premium|import
Producto_270,SKU-00270,730.75,0.62,false,oferta|import
Producto_271,SKU-00271,255.3,45.07,false,ecologico|congelado
Producto_272,SKU-00272,674.54,15.16,false,premium|nuevo
Producto_273,SKU-00273,605.7,33.2,true,oferta|ecologico
Producto_274,SKU-00274,42.93,27.94,false,premium|premium
Producto_275,SKU-00275,232.04,43.49,true,ecologico|import
Producto_276,SKU-00276,891.54,5.85,false,import|ecologico
Producto_277,SKU-00277,907.47,17.43,false,import|import
Producto_278,SKU-00278,32.94,4.82,true,oferta|ecologico
Producto_279,SKU-00279,260.87,27.66,false,premium|premium
Producto_280,SKU-00280,563.58,14.31,false,oferta|premium
Producto_281,SKU-00281,871.43,17.89,true,oferta|congelado
Producto_282,SKU-00282,341.83,13.47,true,premium|ecologico
Producto_283,SKU-00283,932.91,33.85,false,oferta|ecologico
Producto_284,SKU-00284,298.05,15.3,true,premium|import
Producto_285,SKU-00285,879.38,3.71,false,ecologico|oferta
Producto_286,SKU-00286,2.31,31.11,true,oferta|import
Producto_287,SKU-00287,573.34,14.28,false,import|oferta
Producto_288,SKU-00288,348.53,45.03,false,congelado|nuevo
Producto_289,SKU-00289,609.63,46.69,false,premium|ecologico
Producto_290,SKU-00290,79.27,34.34,false,congelado|oferta
Producto_291,SKU-00291,440.96,41.46,false,congelado|premium
Producto_292,SKU-00292,18.71,38.55,false,premium|nuevo
Producto_293,SKU-00293,109.7,25.94,true,congelado|ecologico
Producto_294,SKU-00294,440.44,20.93,false,ecologico|import
Producto_295,SKU-00295,640.38,6.69,false,nuevo|import
Producto_296,SKU-00296,732.94,0.37,false,congelado|premium
Producto_297,SKU-00297,542.09,45.48,false,congelado|import
Producto_298,SKU-00298,114.05,17.03,true,nuevo|ecologico
Producto_299,SKU-00299,857.54,47.3,false,nuevo|import
Producto_300,SKU-00300,579.49,19.46,false,premium|premium
Producto_301,SKU-00301,745.34,37.44,false,import|nuevo
Producto_302,SKU-00302,863.29,27.41,false,nuevo|congelado
Producto_303,SKU-00303,488.19,32.82,true,nuevo|premium
Producto_304,SKU-00304,638.25,31.35,true,ecologico|nuevo
Producto_305,SKU-00305,870.68,38.96,false,premium|ecologico
Producto_306,SKU-00306,724.74,6.51,false,nuevo|oferta
Producto_307,SKU-00307,837.27,39.86,true,premium|congelado
Producto_308,SKU-00308,245.24,10.22,false,nuevo|oferta
Producto_309,SKU-00309,219.15,26.28,false,oferta|ecologico
Producto_310,SKU-00310,311.76,41.28,false,nuevo|import
Producto_311,SKU-00311,538.98,21.97,false,import|congelado
Producto_312,SKU-00312,415.82,27.84,false,premium|import
Producto_313,SKU-00313,543.83,17.6,false,ecologico|ecologico
Producto_314,SKU-00314,918.4,42.13,false,import|oferta
Producto_315,SKU-00315,996.81,35.55,true,oferta|congelado
Producto_316,SKU-00316,75.37,27.12,false,oferta|nuevo
Producto_317,SKU-00317,386.87,28.2,false,premium|ecologico
Producto_318,SKU-00318,202.69,45.91,false,premium|ecologico
Producto_319,SKU-00319,707.3,5.44,false,ecologico|premium
Producto_320,SKU-00320,492.69,47.81,false,congelado|ecologico
Producto_321,SKU-00321,400.23,17.14,true,congelado|nuevo
Producto_322,SKU-00322,714.97,23.6,false,oferta|premium
Producto_323,SKU-00323,605.65,6.13,false,congelado|congelado
Producto_324,SKU-00324,772.83,4.1,false,oferta|congelado
Producto_325,SKU-00325,116.4,20.96,false,ecologico|premium
Producto_326,SKU-00326,187.97,14.86,true,ecologico|premium
Producto_327,SKU-00327,541.17,33.62,false,ecologico|nuevo
Producto_328,SKU-00328,44.23,18.52,true,nuevo|oferta
Producto_329,SKU-00329,272.92,22.15,false,congelado|oferta
Producto_330,SKU-00330,712.4,49.12,true,oferta|ecologico
Producto_331,SKU-00331,570.26,37.41,true,ecologico|oferta
Producto_332,SKU-00332,960.79,16.42,false,import|congelado
Producto_333,SKU-00333,760.2,32.29,true,congelado|congelado
Producto_334,SKU-00334,627.78,28.02,false,nuevo|nuevo
Producto_335,SKU-00335,86.47,31.02,false,congelado|congelado
Producto_336,SKU-00336,758.05,46.82,false,premium|congelado
Producto_337,SKU-00337,874.38,5.41,false,import|oferta
Producto_338,SKU-00338,65.4,30.15,false,import|nuevo
Producto_339,SKU-00339,313.99,9.16,false,ecologico|ecologico
Producto_340,SKU-00340,127.02,13.53,true,nuevo|congelado
Producto_341,SKU-00341,401.65,29.45,false,import|import
Producto_342,SKU-00342,324.23,8.69,false,oferta|ecologico
Producto_343,SKU-00343,422.49,27.06,false,ecologico|premium
Producto_344,SKU-00344,544.52,48.92,true,nuevo|ecologico
Producto_345,SKU-00345,872.97,6.25,false,congelado|premium
Producto_346,SKU-00346,455.67,21.36,false,congelado|premium
Producto_347,SKU-00347,398.2,32.7,true,oferta|import
Producto_348,SKU-00348,783.06,36.75,false,oferta|ecologico
Producto_349,SKU-00349,569.44,48.97,false,congelado|nuevo
Producto_350,SKU-00350,150.22,20.01,false,premium|premium
Producto_351,SKU-00351,375.18,37.43,false,ecologico|ecologico
Producto_352,SKU-00352,896.63,14.64,false,premium|nuevo
Producto_353,SKU-00353,226.55,2.64,false,import|premium
Producto_354,SKU-00354,903.03,43.35,false,premium|premium
Producto_355,SKU-00355,895.87,16.05,false,nuevo|import
Producto_356,SKU-00356,590.92,9.03,false,import|oferta
Producto_357,SKU-00357,604.45,20.95,true,oferta|oferta
Producto_358,SKU-00358,833.06,23.65,false,premium|premium
Producto_359,SKU-00359,965.46,49.79,false,premium|premium
Producto_360,SKU-00360,232.38,19.21,true,premium|premium
Producto_361,SKU-00361,990.16,12.15,false,oferta|oferta
Producto_362,SKU-00362,416.37,37.13,false,ecologico|nuevo
Producto_363,SKU-00363,514.32,3.15,false,nuevo|import
Producto_364,SKU-00364,281.69,16.86,false,import|import
Producto_365,SKU-00365,746.76,41.42,false,import|premium
Producto_366,SKU-00366,543.69,39.91,false,ecologico|congelado
Producto_367,SKU-00367,479.46,34.05,true,premium|import
Producto_368,SKU-00368,129.67,31.31,true,nuevo|congelado
Producto_369,SKU-00369,352.37,9.67,false,import|import
Producto_370,SKU-00370,471.05,40.04,false,premium|premium
Producto_371,SKU-00371,656.44,8.11,false,congelado|congelado
Producto_372,SKU-00372,202.2,2.28,true,import|premium
Producto_373,SKU-00373,75.09,24.83,false,ecologico|nuevo
Producto_374,SKU-00374,768.35,21.45,false,premium|oferta
Producto_375,SKU-00375,711.29,44.35,false,congelado|congelado
Producto_376,SKU-00376,205.57,28.71,false,premium|congelado
Producto_377,SKU-00377,358.26,39.77,false,congelado|oferta
Producto_378,SKU-00378,821.86,15.83,false,premium|ecologico
Producto_379,SKU-00379,446.84,23.9,true,premium|nuevo
Producto_380,SKU-00380,828.08,40.27,false,congelado|oferta
Producto_381,SKU-00381,15.04,5.23,false,ecologico|oferta
Producto_382,SKU-00382,351.88,38.65,false,nuevo|import
Producto_383,SKU-00383,158.67,19.56,false,oferta|oferta
Producto_384,SKU-00384,704.25,14.72,false,congelado|congelado
Producto_385,SKU-00385,706.17,7.93,true,import|oferta
Producto_386,SKU-00386,304.85,25.8,true,ecologico|congelado
Producto_387,SKU-00387,61.16,36.81,true,congelado|oferta
Producto_388,SKU-00388,371.48,36.71,false,import|nuevo
Producto_389,SKU-00389,583.19,13.48,false,premium|premium
Producto_390,SKU-00390,87.08,14.77,false,congelado|nuevo
Producto_391,SKU-00391,215.23,44.32,false,ecologico|premium
Producto_392,SKU-00392,463.23,37.64,false,oferta|premium
Producto_393,SKU-00393,165.28,7.43,true,ecologico|congelado
Producto_394,SKU-00394,947.77,6.72,false,premium|import
Producto_395,SKU-00395,593.44,34.31,false,congelado|ecologico
Producto_396,SKU-00396,11.42,0.93,true,congelado|oferta
Producto_397,SKU-00397,583.24,39.95,false,nuevo|premium
Producto_398,SKU-00398,257.09,30.75,false,import|premium
Producto_399,SKU-00399,426.08,24.89,false,import|oferta
Producto_400,SKU-00400,773.91,35.72,true,congelado|premium
Producto_401,SKU-00401,577.39,25.11,false,nuevo|nuevo
Producto_402,SKU-00402,975.13,15.62,false,premium|premium
Producto_403,SKU-00403,508.63,5.48,false,ecologico|nuevo
Producto_404,SKU-00404,544.58,21.36,false,nuevo|nuevo
Producto_405,SKU-00405,597.73,41.52,true,premium|ecologico
Producto_406,SKU-00406,331.24,41.89,false,ecologico|import
Producto_407,SKU-00407,796.21,22.3,false,premium|import
Producto_408,SKU-00408,394.09,5.06,false,oferta|nuevo
Producto_409,SKU-00409,871.21,43.78,false,congelado|oferta
Producto_410,SKU-00410,438.57,31.62,true,congelado|nuevo
Producto_411,SKU-00411,963.14,7.57,false,premium|nuevo
Producto_412,SKU-00412,874.59,17.64,false,nuevo|import
Producto_413,SKU-00413,295.93,14.74,false,congelado|import
Producto_414,SKU-00414,610.12,0.65,true,ecologico|oferta
Producto_415,SKU-00415,108.27,3.85,false,premium|premium
Producto_416,SKU-00416,504.51,44.16,false,oferta|oferta
Producto_417,SKU-00417,494.8,7.8,true,nuevo|oferta
Producto_418,SKU-00418,207.58,13.63,false,premium|premium
Producto_419,SKU-00419,977.04,4.3,false,oferta|oferta
Producto_420,SKU-00420,539.63,9.38,true,import|ecologico
Producto_421,SKU-00421,632.12,43.39,false,ecologico|ecologico
Producto_422,SKU-00422,282.22,31.95,false,import|import
Producto_423,SKU-00423,51.06,18.52,false,ecologico|import
Producto_424,SKU-00424,540.71,31.3,false,ecologico|premium
Producto_425,SKU-00425,7.76,0.98,false,ecologico|import
Producto_426,SKU-00426,357.49,42.03,false,congelado|premium
Producto_427,SKU-00427,538.66,19.52,false,oferta|oferta
Producto_428,SKU-00428,64.56,22.31,false,oferta|oferta
Producto_429,SKU-00429,154.54,30.52,false,import|import
Producto_430,SKU-00430,87.71,31.26,true,ecologico|oferta
Producto_431,SKU-00431,189.45,40.88,false,congelado|oferta
Producto_432,SKU-00432,777.18,30.77,true,import|ecologico
Producto_433,SKU-00433,178.08,49.41,false,premium|oferta
Producto_434,SKU-00434,321.06,25.3,false,oferta|import
Producto_435,SKU-00435,512.79,39.5,true,premium|nuevo
Producto_436,SKU-00436,840.32,44.67,false,nuevo|ecologico
Producto_437,SKU-00437,305.59,35.8,false,oferta|congelado
Producto_438,SKU-00438,668,24.12,false,ecologico|nuevo
Producto_439,SKU-00439,108.45,44.54,false,nuevo|oferta
Producto_440,SKU-00440,209.33,2.32,false,congelado|ecologico
Producto_441,SKU-00441,801.21,18.4,true,nuevo|import
Producto_442,SKU-00442,663.73,20.59,false,oferta|premium
Producto_443,SKU-00443,200.26,25.01,true,import|nuevo
Producto_444,SKU-00444,789.16,16.82,false,premium|import
Producto_445,SKU-00445,737.36,21.89,false,ecologico|premium
Producto_446,SKU-00446,368.32,34.92,false,premium|nuevo
Producto_447,SKU-00447,58.32,36.45,false,congelado|premium
Producto_448,SKU-00448,7.71,49.93,true,premium|congelado
Producto_449,SKU-00449,598.49,26.14,false,premium|ecologico
Producto_450,SKU-00450,485.09,35.17,false,import|nuevo
Producto_451,SKU-00451,557.77,1.52,false,congelado|nuevo
Producto_452,SKU-00452,605.62,21.83,false,congelado|ecologico
Producto_453,SKU-00453,710.03,35.34,false,import|oferta
Producto_454,SKU-00454,948.36,26.95,true,import|ecologico
Producto_455,SKU-00455,921.52,24.37,true,oferta|congelado
Producto_456,SKU-00456,548.9,13.8,false,nuevo|oferta
Producto_457,SKU-00457,967.58,20.77,true,import|congelado
Producto_458,SKU-00458,719.65,1.05,false,import|oferta
Producto_459,SKU-00459,155.85,26.35,false,ecologico|nuevo
Producto_460,SKU-00460,825,9.94,false,oferta|import
Producto_461,SKU-00461,777.02,34.03,false,oferta|oferta
Producto_462,SKU-00462,221.42,4.45,true,import|oferta
Producto_463,SKU-00463,483.23,14.3,true,premium|premium
Producto_464,SKU-00464,391.05,17.3,false,congelado|premium
Producto_465,SKU-00465,624.09,41.25,false,congelado|nuevo
Producto_466,SKU-00466,175.59,17.78,false,ecologico|oferta
Producto_467,SKU-00467,540.86,38.15,false,premium|ecologico
Producto_468,SKU-00468,921.32,21.44,false,ecologico|oferta
Producto_469,SKU-00469,230.73,39.49,true,nuevo|nuevo
Producto_470,SKU-00470,971.52,36.99,false,import|premium
Producto_471,SKU-00471,894.62,43.15,false,congelado|premium
Producto_472,SKU-00472,867.37,31.93,true,congelado|import
Producto_473,SKU-00473,965.14,32.63,false,congelado|oferta
Producto_474,SKU-00474,333.77,27.05,true,oferta|premium
Producto_475,SKU-00475,727.2,37.19,true,oferta|oferta
Producto_476,SKU-00476,62.94,40.68,true,ecologico|premium
Producto_477,SKU-00477,393.63,49.24,false,premium|import
Producto_478,SKU-00478,771.12,13.14,false,nuevo|premium
Producto_479,SKU-00479,278.57,1.74,true,congelado|nuevo
Producto_480,SKU-00480,527.99,44.6,false,ecologico|congelado
Producto_481,SKU-00481,961.77,29.2,false,congelado|premium
Producto_482,SKU-00482,370.05,14.75,true,premium|nuevo
Producto_483,SKU-00483,731.55,30.27,false,nuevo|ecologico
Producto_484,SKU-00484,738.87,19.53,false,ecologico|premium
Producto_485,SKU-00485,645.93,47.36,false,import|ecologico
Producto_486,SKU-00486,165.13,16.91,false,import|import
Producto_487,SKU-00487,698.09,24.69,true,import|congelado
Producto_488,SKU-00488,869.34,24.35,false,congelado|congelado
Producto_489,SKU-00489,353.16,40.58,false,congelado|ecologico
Producto_490,SKU-00490,186.61,36.37,false,nuevo|oferta
Producto_491,SKU-00491,164.1,41.09,false,congelado|import
Producto_492,SKU-00492,165.39,2.42,false,nuevo|nuevo
Producto_493,SKU-00493,559.73,25.07,false,oferta|oferta
Producto_494,SKU-00494,912.47,41.17,false,import|congelado
Producto_495,SKU-00495,290.87,22.6,false,premium|import
Producto_496,SKU-00496,228.38,46.77,false,oferta|nuevo
Producto_497,SKU-00497,316.83,32.32,false,ecologico|import
Producto_498,SKU-00498,273.26,35.26,false,ecologico|nuevo
Producto_499,SKU-00499,987.43,37.58,false,congelado|import
Producto_500,SKU-00500,230.81,22.94,false,import|congelado
Producto_501,SKU-00501,232.3,37.44,false,import|nuevo
Producto_502,SKU-00502,157.27,47.08,false,nuevo|ecologico
Producto_503,SKU-00503,323.02,22.81,true,oferta|import
Producto_504,SKU-00504,123.17,26.16,true,congelado|congelado
Producto_505,SKU-00505,342.75,2.56,false,nuevo|nuevo
Producto_506,SKU-00506,378.1,26.33,false,oferta|congelado
Producto_507,SKU-00507,189.8,33.45,false,import|congelado
Producto_508,SKU-00508,579.4,5.09,false,nuevo|ecologico
Producto_509,SKU-00509,345.16,38.47,true,congelado|congelado
Producto_510,SKU-00510,941.24,30.93,true,congelado|oferta
Producto_511,SKU-00511,866.34,0.94,true,premium|oferta
Producto_512,SKU-00512,335.54,47.02,false,nuevo|import
Producto_513,SKU-00513,82.5,36.64,false,nuevo|ecologico
Producto_514,SKU-00514,484.88,24.78,true,oferta|premium
Producto_515,SKU-00515,95.43,45.82,false,premium|ecologico
Producto_516,SKU-00516,145.75,3.68,true,congelado|nuevo
Producto_517,SKU-00517,957.35,47.02,false,import|premium
Producto_518,SKU-00518,169.12,38.97,false,import|nuevo
Producto_519,SKU-00519,535.09,38.51,true,import|import
Producto_520,SKU-00520,278.97,23.4,true,premium|nuevo
Producto_521,SKU-00521,356.92,17.56,false,import|nuevo
Producto_522,SKU-00522,406.03,25.66,true,ecologico|ecologico
Producto_523,SKU-00523,509.45,33.99,true,import|premium
Producto_524,SKU-00524,926.09,8.42,true,import|congelado
Producto_525,SKU-00525,256.27,12.93,true,congelado|oferta
Producto_526,SKU-00526,583.09,40.87,true,congelado|import
Producto_527,SKU-00527,289.67,45.62,true,ecologico|import
Producto_528,SKU-00528,972.8,42.55,true,ecologico|import
Producto_529,SKU-00529,90.6,3.07,false,nuevo|congelado
Producto_530,SKU-00530,345.79,7.1,false,congelado|oferta
Producto_531,SKU-00531,263,24.21,false,ecologico|oferta
Producto_532,SKU-00532,226.66,13.8,false,oferta|premium
Producto_533,SKU-00533,457.26,22.32,false,nuevo|premium
Producto_534,SKU-00534,597.58,35.32,true,import|nuevo
Producto_535,SKU-00535,878.59,44.27,true,premium|nuevo
Producto_536,SKU-00536,160.48,10.53,false,import|premium
Producto_537,SKU-00537,678.54,49.73,false,import|premium
Producto_538,SKU-00538,518.75,7.5,false,ecologico|ecologico
Producto_539,SKU-00539,636.71,7.51,false,ecologico|congelado
Producto_540,SKU-00540,457.6,35.81,false,congelado|nuevo
Producto_541,SKU-00541,399.72,8.27,false,congelado|premium
Producto_542,SKU-00542,147.96,49.33,false,nuevo|oferta
Producto_543,SKU-00543,829.97,48.87,false,congelado|premium
Producto_544,SKU-00544,376.99,35.31,true,oferta|congelado
Producto_545,SKU-00545,723.15,5.91,false,ecologico|nuevo
Producto_546,SKU-00546,325.56,19.01,true,nuevo|congelado
Producto_547,SKU-00547,241.91,37.59,true,congelado|nuevo
Producto_548,SKU-00548,519.87,33.64,false,premium|ecologico
Producto_549,SKU-00549,605.06,14.07,false,ecologico|oferta
Producto_550,SKU-00550,395.37,7.96,true,congelado|congelado
Producto_551,SKU-00551,495.3,24.4,false,premium|import
Producto_552,SKU-00552,528.48,4.29,false,premium|premium
Producto_553,SKU-00553,299.91,14.93,true,ecologico|nuevo
Producto_554,SKU-00554,176.85,36.3,true,nuevo|premium
Producto_555,SKU-00555,609.16,36.62,false,oferta|congelado
Producto_556,SKU-00556,164.4,45.84,true,ecologico|import
Producto_557,SKU-00557,332,3.37,false,premium|import
Producto_558,SKU-00558,862.83,25.6,false,import|premium
Producto_559,SKU-00559,454.59,39.35,false,congelado|import
Producto_560,SKU-00560,886.94,45.75,false,import|ecologico
Producto_561,SKU-00561,676.86,30.19,false,nuevo|nuevo
Producto_562,SKU-00562,498.72,11.2,false,ecologico|nuevo
Producto_563,SKU-00563,400.89,30.69,false,premium|oferta
Producto_564,SKU-00564,69.92,10.15,false,ecologico|premium
Producto_565,SKU-00565,312.58,24.07,false,premium|ecologico
Producto_566,SKU-00566,495.6,14.39,false,congelado|ecologico
Producto_567,SKU-00567,117.58,29.21,false,congelado|import
Producto_568,SKU-00568,374.85,16.01,false,congelado|congelado
Producto_569,SKU-00569,906.91,40.53,false,congelado|import
Producto_570,SKU-00570,335.17,41.61,false,import|oferta
Producto_571,SKU-00571,724.46,8.78,false,oferta|oferta
Producto_572,SKU-00572,757.11,49.23,false,ecologico|congelado
Producto_573,SKU-00573,763.28,23.81,false,import|congelado
Producto_574,SKU-00574,39.1,0.14,false,congelado|oferta
Producto_575,SKU-00575,852.82,26.41,false,ecologico|nuevo
Producto_576,SKU-00576,69.09,42.83,true,import|import
Producto_577,SKU-00577,960.63,27.12,false,nuevo|premium
Producto_578,SKU-00578,759.26,5.8,false,oferta|premium
Producto_579,SKU-00579,443.48,8.96,true,import|nuevo
Producto_580,SKU-00580,121.33,45.72,false,ecologico|congelado
Producto_581,SKU-00581,354.85,47.92,true,oferta|ecologico
Producto_582,SKU-00582,602.39,20.98,true,nuevo|nuevo
Producto_583,SKU-00583,28.92,29.24,false,ecologico|congelado
Producto_584,SKU-00584,171.62,6.92,false,nuevo|nuevo
Producto_585,SKU-00585,61.87,41.11,true,nuevo|premium
Producto_586,SKU-00586,675.67,8.77,false,import|ecologico
Producto_587,SKU-00587,223.25,2.39,true,ecologico|ecologico
Producto_588,SKU-00588,77.7,11.14,false,oferta|premium
Producto_589,SKU-00589,40.28,17.14,false,import|ecologico
Producto_590,SKU-00590,366.83,49.25,false,congelado|import
Producto_591,SKU-00591,531.6,30.37,false,oferta|oferta
Producto_592,SKU-00592,36.07,36.88,false,nuevo|premium
Producto_593,SKU-00593,392.99,12.26,false,ecologico|premium
Producto_594,SKU-00594,599.52,36.89,false,nuevo|congelado
Producto_595,SKU-00595,327.32,28.27,false,import|premium
Producto_596,SKU-00596,519.81,40.94,false,congelado|congelado
Producto_597,SKU-00597,304.01,17.42,false,import|congelado
Producto_598,SKU-00598,310.92,34.72,false,oferta|import
Producto_599,SKU-00599,643.86,11.17,false,premium|ecologico
Producto_600,SKU-00600,295.6,5.75,false,nuevo|nuevo
Producto_601,SKU-00601,114.18,48.67,true,import|premium
Producto_602,SKU-00602,723.65,6.54,false,congelado|import
Producto_603,SKU-00603,615.73,31.74,false,congelado|oferta
Producto_604,SKU-00604,246.45,9.34,false,import|nuevo
Producto_605,SKU-00605,838.66,5.83,true,ecologico|nuevo
Producto_606,SKU-00606,416.84,13.79,false,premium|nuevo
Producto_607,SKU-00607,751.12,36.01,true,premium|congelado
Producto_608,SKU-00608,708.53,29.44,false,import|import
Producto_609,SKU-00609,101.59,25.61,false,ecologico|premium
Producto_610,SKU-00610,54.44,35.9,true,oferta|nuevo
Producto_611,SKU-00611,982.68,45.41,true,oferta|ecologico
Producto_612,SKU-00612,130.33,45.55,true,nuevo|import
Producto_613,SKU-00613,440.14,30.01,true,import|oferta
Producto_614,SKU-00614,507.57,3.85,false,premium|nuevo
Producto_615,SKU-00615,745.38,32,false,nuevo|congelado
Producto_616,SKU-00616,646.85,44.56,false,premium|import
Producto_617,SKU-00617,288.8,24.29,true,premium|ecologico
Producto_618,SKU-00618,891.45,17.84,false,premium|oferta
Producto_619,SKU-00619,973.94,3.37,true,congelado|import
Producto_620,SKU-00620,8.81,38.25,true,ecologico|congelado
Producto_621,SKU-00621,73.16,18.27,false,congelado|import
Producto_622,SKU-00622,20.69,29.42,false,premium|congelado
Producto_623,SKU-00623,413.86,6.59,false,congelado|premium
Producto_624,SKU-00624,246.56,49.72,true,nuevo|nuevo
Producto_625,SKU-00625,552.02,46.52,false,oferta|oferta
Producto_626,SKU-00626,850.78,25.87,false,congelado|oferta
Producto_627,SKU-00627,82.14,49.67,true,import|oferta
Producto_628,SKU-00628,847.29,4.35,false,premium|oferta
Producto_629,SKU-00629,487.91,15.93,false,congelado|ecologico
Producto_630,SKU-00630,32.18,4.71,true,premium|premium
Producto_631,SKU-00631,248.16,30.1,true,oferta|nuevo
Producto_632,SKU-00632,930.91,32.4,false,ecologico|premium
Producto_633,SKU-00633,575.04,31.59,true,oferta|ecologico
Producto_634,SKU-00634,471.51,10.56,false,oferta|nuevo
Producto_635,SKU-00635,950.36,26.95,true,congelado|import
Producto_636,SKU-00636,850.54,18.45,true,nuevo|premium
Producto_637,SKU-00637,540.28,32.78,true,nuevo|congelado
Producto_638,SKU-00638,635.42,5.75,true,oferta|oferta
Producto_639,SKU-00639,470.46,26.17,false,ecologico|nuevo
Producto_640,SKU-00640,884.02,7.02,false,nuevo|nuevo
Producto_641,SKU-00641,218.94,29.98,false,congelado|ecologico
Producto_642,SKU-00642,653.1,49.98,true,nuevo|ecologico
Producto_643,SKU-00643,68.19,4.34,false,oferta|nuevo
Producto_644,SKU-00644,430.83,18.56,false,import|ecologico
Producto_645,SKU-00645,554.64,24.63,true,import|ecologico
Producto_646,SKU-00646,8.89,2.28,true,nuevo|premium
Producto_647,SKU-00647,963.77,12.79,false,nuevo|premium
Producto_648,SKU-00648,171.02,48.39,false,ecologico|oferta
Producto_649,SKU-00649,678.14,38.45,false,ecologico|ecologico
Producto_650,SKU-00650,237.52,24.44,true,nuevo|import
Producto_651,SKU-00651,523.16,29.41,false,oferta|congelado
Producto_652,SKU-00652,487.61,18.45,false,ecologico|oferta
Producto_653,SKU-00653,19.69,36.15,true,import|nuevo
Producto_654,SKU-00654,80.95,21.38,true,oferta|import
Producto_655,SKU-00655,485.6,34.68,false,ecologico|import
Producto_656,SKU-00656,349.32,3.96,false,congelado|import
Producto_657,SKU-00657,947.87,5.51,false,premium|nuevo
Producto_658,SKU-00658,619.5,38.52,false,congelado|nuevo
Producto_659,SKU-00659,436.2,20.42,false,nuevo|ecologico
Producto_660,SKU-00660,362.13,27.89,false,import|nuevo
Producto_661,SKU-00661,376.08,47.59,true,congelado|congelado
Producto_662,SKU-00662,269.52,14.19,true,congelado|nuevo
Producto_663,SKU-00663,371.64,42.07,true,oferta|ecologico
Producto_664,SKU-00664,508.41,46.46,false,nuevo|import
Producto_665,SKU-00665,239.24,19.98,true,premium|nuevo
Producto_666,SKU-00666,272.59,7.07,false,import|nuevo
Producto_667,SKU-00667,392.72,24.9,false,ecologico|congelado
Producto_668,SKU-00668,734.63,25.38,false,ecologico|premium
Producto_669,SKU-00669,557.92,33.18,false,premium|import
Producto_670,SKU-00670,726.49,32.22,false,ecologico|ecologico
Producto_671,SKU-00671,648.35,26.59,true,oferta|premium
Producto_672,SKU-00672,99.48,18.02,false,congelado|nuevo
Producto_673,SKU-00673,79.89,24.86,true,ecologico|oferta
Producto_674,SKU-00674,570.21,7.01,false,premium|congelado
Producto_675,SKU-00675,430.11,37.7,false,premium|nuevo
Producto_676,SKU-00676,742.46,46.12,true,nuevo|congelado
Producto_677,SKU-00677,948.41,14.06,true,ecologico|nuevo
Producto_678,SKU-00678,725,11.56,false,import|congelado
Producto_679,SKU-00679,2.09,10.15,true,nuevo|premium
Producto_680,SKU-00680,323.54,11.15,false,nuevo|nuevo
Producto_681,SKU-00681,203.79,30.86,false,import|ecologico
Producto_682,SKU-00682,590.37,33.52,true,congelado|congelado
Producto_683,SKU-00683,406.4,15.68,false,nuevo|nuevo
Producto_684,SKU-00684,339.14,22.81,false,premium|congelado
Producto_685,SKU-00685,464.13,10.55,false,premium|nuevo
Producto_686,SKU-00686,447.87,19.07,false,import|premium
Producto_687,SKU-00687,205.55,12.51,true,ecologico|oferta
Producto_688,SKU-00688,807.5,19.59,false,ecologico|ecologico
Producto_689,SKU-00689,846.72,28.13,false,import|ecologico
Producto_690,SKU-00690,637.68,47.88,true,ecologico|premium
Producto_691,SKU-00691,680.15,47.79,true,congelado|oferta
Producto_692,SKU-00692,497.18,18.05,false,congelado|import
Producto_693,SKU-00693,607.37,13.04,false,nuevo|import
Producto_694,SKU-00694,879.64,15.91,false,ecologico|oferta
Producto_695,SKU-00695,964.32,45.97,false,oferta|import
Producto_696,SKU-00696,337.68,37.45,false,oferta|ecologico
Producto_697,SKU-00697,678.95,18.16,true,congelado|ecologico
Producto_698,SKU-00698,385.09,16,true,ecologico|ecologico
Producto_699,SKU-00699,503.3,19.93,false,premium|oferta
Producto_700,SKU-00700,251.72,27.19,false,ecologico|ecologico
Producto_701,SKU-00701,786.85,17.97,true,ecologico|premium
Producto_702,SKU-00702,109.11,21.76,false,import|premium
Producto_703,SKU-00703,563.65,8.6,true,nuevo|oferta
Producto_704,SKU-00704,269.63,35.34,false,nuevo|congelado
Producto_705,SKU-00705,540.24,31.06,true,oferta|congelado
Producto_706,SKU-00706,6.59,48.96,true,ecologico|import
Producto_707,SKU-00707,970.51,17.47,true,import|import
Producto_708,SKU-00708,296.58,44.56,true,nuevo|premium
Producto_709,SKU-00709,657.09,25.97,false,premium|congelado
Producto_710,SKU-00710,743.7,41.68,false,nuevo|congelado
Producto_711,SKU-00711,978.69,5.19,false,ecologico|oferta
Producto_712,SKU-00712,215.65,43.14,false,oferta|import
Producto_713,SKU-00713,795.34,46.2,false,premium|congelado
Producto_714,SKU-00714,362.42,16.64,false,import|oferta
Producto_715,SKU-00715,970.33,7.39,false,import|congelado
Producto_716,SKU-00716,679.01,27.9,false,nuevo|premium
Producto_717,SKU-00717,551.42,4.2,false,congelado|nuevo
Producto_718,SKU-00718,820.23,17.13,true,ecologico|ecologico
Producto_719,SKU-00719,256.42,21.65,false,ecologico|premium
Producto_720,SKU-00720,146.13,21.41,false,oferta|oferta
Producto_721,SKU-00721,281.18,4.69,true,nuevo|nuevo
Producto_722,SKU-00722,217.24,34.18,false,congelado|ecologico
Producto_723,SKU-00723,322.76,13.45,false,congelado|oferta
Producto_724,SKU-00724,212.46,13.6,false,congelado|premium
Producto_725,SKU-00725,793.22,9.81,true,import|nuevo
Producto_726,SKU-00726,111.49,35.2,false,import|congelado
Producto_727,SKU-00727,432.04,35.65,false,ecologico|premium
Producto_728,SKU-00728,835.33,26.25,true,nuevo|ecologico
Producto_729,SKU-00729,196.78,31.45,false,oferta|premium
Producto_730,SKU-00730,206.86,9.15,false,nuevo|import
Producto_731,SKU-00731,85.91,33.62,false,import|premium
Producto_732,SKU-00732,298.72,46.27,false,premium|congelado
Producto_733,SKU-00733,324.55,45.84,false,congelado|import
Producto_734,SKU-00734,823.4,49.57,true,oferta|oferta
Producto_735,SKU-00735,904.56,45.58,true,oferta|congelado
Producto_736,SKU-00736,764.51,20.71,true,premium|nuevo
Producto_737,SKU-00737,690.58,38.44,false,import|ecologico
Producto_738,SKU-00738,227.82,36.29,false,oferta|nuevo
Producto_739,SKU-00739,734.51,17.2,false,nuevo|nuevo
Producto_740,SKU-00740,166.78,14.13,true,ecologico|premium
Producto_741,SKU-00741,228.08,7.84,true,congelado|nuevo
Producto_742,SKU-00742,910.68,10.4,true,congelado|premium
Producto_743,SKU-00743,571,41.38,false,premium|nuevo
Producto_744,SKU-00744,772.98,36.73,false,congelado|import
Producto_745,SKU-00745,726.43,26.17,false,oferta|premium
Producto_746,SKU-00746,303.83,2.76,true,premium|premium
Producto_747,SKU-00747,326.81,47.47,true,ecologico|oferta
Producto_748,SKU-00748,541.95,11,false,premium|oferta
Producto_749,SKU-00749,697.7,25.43,true,premium|ecologico
Producto_750,SKU-00750,435.46,20.39,false,congelado|import
Producto_751,SKU-00751,291.73,33.18,false,oferta|oferta
Producto_752,SKU-00752,577.37,2.84,false,premium|nuevo
Producto_753,SKU-00753,173.82,10.13,false,nuevo|nuevo
Producto_754,SKU-00754,10.35,23.68,false,import|congelado
Producto_755,SKU-00755,969.47,23.55,false,premium|premium
Producto_756,SKU-00756,467.17,5.95,false,premium|congelado
Producto_757,SKU-00757,954.53,19.19,true,congelado|congelado
Producto_758,SKU-00758,97.92,48.96,false,import|oferta
Producto_759,SKU-00759,370.64,27.72,false,oferta|oferta
Producto_760,SKU-00760,846.93,26.57,false,nuevo|premium
Producto_761,SKU-00761,299.63,25.87,true,ecologico|nuevo
Producto_762,SKU-00762,887.33,10.62,false,nuevo|nuevo
Producto_763,SKU-00763,418.31,4.83,true,congelado|oferta
Producto_764,SKU-00764,423.66,33.22,true,premium|congelado
Producto_765,SKU-00765,823.69,32.2,false,import|oferta
Producto_766,SKU-00766,263.25,32.74,false,import|congelado
Producto_767,SKU-00767,119.92,4.84,false,import|ecologico
Producto_768,SKU-00768,524.69,19.59,true,nuevo|nuevo
Producto_769,SKU-00769,242.47,39.34,true,oferta|premium
Producto_770,SKU-00770,453.79,12.11,false,oferta|import
Producto_771,SKU-00771,565.44,45.5,true,nuevo|ecologico
Producto_772,SKU-00772,959.65,1.11,false,congelado|premium
Producto_773,SKU-00773,728.28,12.62,false,oferta|oferta
Producto_774,SKU-00774,498.15,16.72,true,ecologico|import
Producto_775,SKU-00775,44.73,14.75,false,oferta|nuevo
Producto_776,SKU-00776,493.43,31.23,false,oferta|congelado
Producto_777,SKU-00777,500.62,34.02,false,ecologico|congelado
Producto_778,SKU-00778,651.72,35.83,false,ecologico|congelado
Producto_779,SKU-00779,899.98,20.47,true,import|nuevo
Producto_780,SKU-00780,946.12,31.4,true,oferta|nuevo
Producto_781,SKU-00781,107.03,21.51,true,oferta|import
Producto_782,SKU-00782,474.12,13.83,true,ecologico|oferta
Producto_783,SKU-00783,252.83,41.37,false,nuevo|import
Producto_784,SKU-00784,72.14,48.03,false,congelado|nuevo
Producto_785,SKU-00785,620.3,8.71,false,import|nuevo
Producto_786,SKU-00786,250.5,46.79,false,oferta|nuevo
Producto_787,SKU-00787,633.17,24.62,false,import|oferta
Producto_788,SKU-00788,208.8,45.9,false,oferta|ecologico
Producto_789,SKU-00789,706.72,10.76,false,ecologico|oferta
Producto_790,SKU-00790,214.37,19.15,false,premium|ecologico
Producto_791,SKU-00791,230.66,33.66,true,ecologico|premium
Producto_792,SKU-00792,573.67,8.32,true,congelado|ecologico
Producto_793,SKU-00793,349.33,43.53,false,nuevo|ecologico
Producto_794,SKU-00794,426.33,18.19,false,import|import
Producto_795,SKU-00795,583.8,10.06,false,congelado|nuevo
Producto_796,SKU-00796,185.52,22.35,false,premium|oferta
Producto_797,SKU-00797,438.79,46.61,false,congelado|ecologico
Producto_798,SKU-00798,816.57,4.37,false,nuevo|ecologico
Producto_799,SKU-00799,740.66,3.74,false,premium|ecologico
Producto_800,SKU-00800,363.81,34.02,false,import|congelado